UIC;Nom gare;Taux de conformité moyen
87111849;Marne-la-Vallée Chessy;93.69
87111864;Balsièges Bourg;98.61
87113001;Paris Est;95.13
87118000;Troyes;92.13
87118158;Romilly-sur-Seine;94.82
87118190;Nogent-sur-Seine;94.77
87118257;Vendeuvre-sur-Barse;95.83
87141002;Nancy;95.96
87141010;Jarville-la-Malgrange;95.08
87141036;Foug;98.88
87141044;Toul;94.14
87141051;Fontenoy-sur-Moselle;97.5
87141069;Liverdun;95.88
87141077;Frouard;96.74
87141085;Champigneulles;94.11
87141101;Varangéville - Saint-Nicolas;95.79
87141119;Dombasle-sur-Meurthe;70.97
87141135;Blainville - Damelevières;94.46
87141150;Lunéville;96.17
87141291;Neufchâteau;96.99
87141416;Baccarat;99.07
87141788;Pompey;92.59
87141796;Marbache;95.81
87141804;Belleville;96.45
87141812;Dieulouard;94.14
87141820;Pont-à-Mousson;97.43
87142000;Chaumont;95.84
87142091;Langres;91.66
87142109;Lorraine TGV;94.28
87142125;Culmont - Chalindrey;97.3
87144006;Épinal;97.14
87144014;Saint-Dié-des-Vosges;93.74
87144055;Charmes;98.89
87144154;Bruyères;97.6
87144279;Vittel;97.08
87144287;Contrexéville;96.93
87144410;Arches;94.4
87144451;Remiremont;99.38
87144626;Raon-l'Étape;95.41
87144642;Étival-Clairefontaine;95.91
87147322;Meuse TGV;96.12
87159947;Ker Lann;89.29
87171009;Reims;93.68
87171330;Fismes;91.4
87171512;Dormans;93.08
87171553;Épernay;90.2
87171926;Champagne-Ardenne TGV;78.52
87172007;Charleville-Mézières;97.82
87172080;Revin;95.09
87172130;Givet;96.68
87172155;Mohon;96.74
87172254;Sedan;95.68
87172270;Rethel;96.09
87174003;Châlons-en-Champagne;88.14
87174276;Vitry-le-François;93.05
87175000;Saint-Dizier;91.31
87175018;Revigny-sur-Ornain;98.37
87175042;Bar-le-Duc;94.78
87175067;Nançois - Tronville;100.0
87175091;Joinville;96.24
87175240;Lérouville;94.66
87175257;Commercy;97.61
87175778;Verdun;95.39
87175794;Étain;85.35
87175828;Pagny-sur-Meuse;100.0
87182014;Colmar;92.99
87182063;Mulhouse;97.99
87182139;Saint-Louis;97.88
87182238;Altkirch;98.72
87182394;Munster;99.16
87182568;Thann;96.96
87184002;Belfort;97.72
87184523;Montbéliard;94.67
87185009;Vesoul;98.92
87185249;Lure;96.59
87185629;Aillevillers;98.33
87191007;Thionville;91.18
87191098;Walygator Parc;92.81
87191106;Maizières-lès-Metz;94.3
87191114;Hagondange;88.46
87191130;Uckange;81.41
87191163;Hettange-Grande;98.65
87191239;Hayange;88.28
87191635;Sierck-les-Bains;85.23
87191684;Auboué;75.11
87191692;Homécourt;89.82
87191700;Jœuf;95.33
87191718;Moyeuvre-Grande;83.18
87191734;Rombas - Clouange;90.73
87191742;Gandrange - Amnéville;89.84
87192039;Metz;93.48
87192070;Metz Nord;83.3
87192088;Woippy;97.41
87192203;Peltre;96.19
87192211;Courcelles-sur-Nied;95.09
87192229;Sanry-sur-Nied;92.48
87192237;Rémilly;90.52
87192286;Morhange;99.48
87192302;Bénestroff;100.0
87192401;Ars-sur-Moselle;89.99
87192419;Ancy-sur-Moselle;96.22
87192427;Novéant-sur-Moselle;96.75
87192435;Onville;99.59
87192468;Pagny-sur-Moselle;96.98
87192476;Vandières;96.97
87192658;Baroncourt;87.53
87192666;Conflans - Jarny;97.49
87192724;Hatrize;66.2
87192732;Valleroy - Moineville;89.1
87193003;Forbach;91.85
87193250;Béning;95.13
87193276;Hombourg-Haut;96.18
87193318;Saint-Avold;92.65
87193359;Faulquemont;95.95
87193540;Hundling;100.0
87193615;Sarreguemines;95.31
87193664;Kalhausen;97.0
87194001;Longwy;91.76
87194209;Montmédy;84.1
87194274;Longuyon;88.98
87194357;Audun-le-Roman;90.29
87212027;Strasbourg;97.43
87212100;Mundolsheim;93.33
87212118;Vendenheim;100.0
87212126;Stephansfeld;100.0
87212134;Brumath;93.33
87212142;Mommenheim;95.64
87212183;Dettwiller;89.17
87212209;Steinbourg;100.0
87212225;Saverne;97.28
87212274;Limersheim;90.0
87212308;Bischheim;93.75
87212324;Kilstett;96.43
87212332;Gambsheim;94.44
87212340;Herrlisheim;88.89
87212415;Roppenheim;96.43
87212431;Seltz;96.43
87212449;Munchhausen;95.45
87212456;Mothern;90.91
87212464;Lauterbourg;95.24
87213058;Haguenau;97.05
87213108;Schweighouse-sur-Moder;100.0
87213165;Obermodern-Zutzendorf;96.67
87213207;Mertzwiller;97.5
87213223;Gundershoffen;100.0
87213249;Reichshoffen;97.53
87213256;Niederbronn-les-Bains;97.78
87213405;Walbourg;100.0
87213413;Hoelschloch;96.3
87213421;Soultz-sous-Forêts;98.44
87213447;Hoffen;94.81
87213454;Hunspach;100.0
87213462;Riedseltz;91.07
87213470;Wissembourg;96.43
87213603;Marienthal;98.53
87213611;Bischwiller;97.04
87213660;Kurtzenhouse;96.88
87213678;Weyersheim;96.67
87213686;Hoerdt;97.03
87213744;Wingen-sur-Moder;95.47
87213785;Ingwiller;96.69
87214056;Sélestat;94.95
87214106;Ebersheim;93.33
87214114;Kogenheim;66.67
87214122;Benfeld;95.45
87214148;Erstein;92.89
87214247;Barr;98.06
87214270;Goxwiller;100.0
87214288;Obernai;94.83
87214296;Bischoffsheim;90.91
87214320;Rosheim;94.12
87214528;Entzheim Aéroport;92.16
87214536;Duppigheim;96.3
87214544;Duttlenheim;100.0
87214551;Dachstein;96.15
87214577;Molsheim;94.94
87214585;Mutzig;100.0
87214593;Gresswiller;94.74
87214627;Heiligenberg - Mollkirch;92.86
87214635;Urmatt;95.79
87214643;Mullerhof;93.75
87214650;Lutzelhouse;96.15
87214676;Wisches;95.45
87214684;Russ Hersbach;95.45
87214692;Schirmeck - La Broque;90.13
87214726;Rothau;94.82
87214734;Fouday;90.0
87214783;Saales;95.34
87215012;Sarrebourg;97.75
87215079;Réding;97.12
87215160;Lutzelbourg;95.79
87215632;Oermingen;96.19
87215665;Diemeringen;98.36
87215699;Tieffenbach - Struth;98.89
87223263;Lille Europe;97.13
87271007;Paris Gare du Nord;94.79
87271494;Aéroport Charles de Gaulle 2 TGV;95.32
87271551;Le Plessis-Belleville;98.77
87271577;Nanteuil-le-Haudouin;99.69
87271593;Crépy-en-Valois;97.81
87271734;Villers-Cotterêts;96.61
87271817;Soissons;97.31
87276006;Creil;96.09
87276113;Chantilly - Gouvieux;93.15
87276212;Liancourt - Rantigny;96.15
87276279;Orry-la-Ville - Coye;96.28
87276303;Longueil-Sainte-Marie;94.8
87276329;Pont-Sainte-Maxence;96.81
87276691;Compiègne;97.48
87276717;Bornel - Belle-Église;100.0
87276725;Chambly;99.61
87276741;Thourotte;96.3
87276766;Ribécourt;96.86
87276782;Noyon;96.79
87278259;Mérignac Arlac;94.29
87281006;Dunkerque;98.53
87281071;Calais - Fréthun;98.04
87281105;Bergues;91.54
87281428;Audruicq;90.2
87281444;Saint-Omer;84.96
87282624;Lyon Jean Macé;90.82
87286005;Lille Flandres;97.44
87286096;Haubourdin;95.13
87286112;Loos lez Lille;100.0
87286146;Armentières;88.76
87286179;Bailleul;66.08
87286187;La Madeleine;92.31
87286195;Saint-André-lez-Lille;95.76
87286260;Comines;98.83
87286278;Pérenchies;91.28
87286302;Hazebrouck;74.73
87286401;Santes;99.24
87286419;Wavrin;99.49
87286435;Don - Sainghin;98.72
87286500;Phalempin;99.67
87286518;Seclin;98.54
87286542;Tourcoing;90.46
87286583;Orchies;95.58
87286625;Templeuve;95.33
87286716;Croix - Wasquehal;98.49
87286732;Roubaix;89.14
87286849;Lesquin;88.72
87286864;Ascq;99.48
87286872;Baisieux;99.54
87295006;Maubeuge;96.26
87295014;Jeumont;98.57
87295048;Fourmies;97.4
87295055;Anor;94.72
87295063;Hirson;96.54
87295220;Le Cateau-Cambrésis;96.21
87295568;Hautmont;97.68
87295600;Aulnoye-Aymeries;93.3
87295642;Landrecies;94.49
87295733;Avesnes-sur-Helpe;97.53
87295857;Le Quesnoy;95.54
87296004;Saint-Quentin;94.98
87296012;Laon;96.4
87296244;Busigny;96.69
87296442;Tergnier;97.68
87296616;Chauny;93.98
87300822;Belfort - Montbéliard TGV;98.32
87300863;Besançon Franche-Comté TGV;96.27
87313049;Longueau;96.39
87313056;Corbie;95.14
87313072;Albert;96.08
87313270;Saint-Just-en-Chaussée;97.14
87313304;Clermont de l'Oise;97.44
87313510;Beauvais;98.84
87313668;Méru;98.82
87313759;Abancourt;99.19
87313874;Amiens;94.34
87313882;Haute Picardie TGV;94.95
87317016;Boulogne Tintelleries;97.33
87317057;Rang-du-Fliers - Verton - Berck;98.94
87317065;Étaples - Le Touquet;98.59
87317164;Montreuil sur Mer;99.02
87317222;Hesdin;98.25
87317263;Calais;95.87
87317339;Marquise - Rinxent;96.66
87317362;Abbeville;96.38
87317529;Le Tréport - Mers-les-Bains;96.39
87317586;Boulogne-sur-Mer;98.31
87318964;Avignon TGV;95.38
87319012;Aix-en-Provence TGV;94.27
87321745;Penhoët;93.18
87323675;Montluçon Rimard;98.41
87324095;Futuroscope;95.17
87334508;La Poterie;85.56
87338525;Krimmeri Meinau;97.12
87342006;Béthune;92.78
87342014;Arras;93.68
87342105;Bully - Grenay;100.0
87342139;Nœux-les-Mines;99.24
87342238;Lillers;99.58
87342279;Isbergues;100.0
87342337;Saint-Pol-sur-Ternoise;92.49
87342436;La Bassée - Violaines;94.28
87342543;Calonne-Ricouart;100.0
87342584;Avion;99.8
87343004;Valenciennes;97.64
87343103;Saint-Amand-les-Eaux;91.87
87343319;Raismes;93.17
87343400;Trith-Saint-Léger;94.12
87343459;Denain;86.41
87345009;Douai;95.06
87345025;Lens;98.59
87345140;Billy-Montigny;99.92
87345157;Hénin-Beaumont;95.94
87345165;Dourges;92.47
87345223;Leforest;97.38
87345256;Libercourt;98.66
87345306;Montigny-en-Ostrevent;88.54
87345314;Somain;82.9
87345405;Sin-le-Noble;98.37
87345447;Aubigny-au-Bac;94.97
87345520;Cambrai;94.02
87345561;Caudry;96.41
87353573;Le Toec;83.63
87353581;Les Ramassiers;86.36
87353599;Saint-Martin du Touch;86.2
87354589;Saint-Sébastien Pas Enchantés;98.44
87354597;Saint-Sébastien Frêne Rond;94.44
87384008;Paris Saint-Lazare;95.46
87387001;Évreux Normandie;93.52
87387092;Bueil;89.85
87387159;Conches-en-Ouche;92.71
87391003;Paris Montparnasse;95.16
87393595;Verneuil-sur-Avre;93.77
87393702;Massy TGV;97.23
87394007;Chartres;96.62
87396002;Le Mans;91.54
87396028;Neuville-sur-Sarthe;96.67
87396036;La Guierche;93.55
87396044;Montbizot;96.05
87396051;Teillé;100.0
87396077;Vivoin - Beaumont;98.86
87396093;La Hutte Coulombiers;100.0
87396200;Domfront-en-Champagne;97.22
87396218;Conlie;95.33
87396226;Crissé;93.75
87396234;Sillé-le-Guillaume;84.56
87396259;Rouessé-Vassé;92.31
87396275;Champagné;98.33
87396283;Saint-Mars-la-Brière;100.0
87396291;Montfort-le-Gesnois;96.53
87396309;Connerré - Beillé;87.22
87396317;Sceaux - Boëssé;92.46
87396325;La Ferté-Bernard;91.65
87396358;Voivres-lès-le-Mans;100.0
87396366;La Suze;92.34
87396374;Noyen-sur-Sarthe;93.6
87396408;Sablé-sur-Sarthe;93.91
87396549;Arnage;100.0
87396556;Laigné - Saint-Gervais;98.91
87396564;Écommoy;97.08
87396572;Aubigné-Racan;100.0
87396580;Mayet;95.29
87396598;Vaas;98.75
87396606;Château-du-Loir;92.05
87401323;Mouans-Sartoux;64.99
87411017;Rouen Rive Droite;93.25
87411173;Elbeuf - Saint-Aubin;95.58
87411207;Oissel;94.36
87411249;Maromme;91.7
87411256;Malaunay - Le Houlme;91.07
87411264;Barentin;89.04
87411470;Serqueux;94.15
87413013;Le Havre;95.56
87413344;Bréauté - Beuzeville;94.54
87413385;Yvetot;92.93
87413542;Fécamp;93.22
87415018;Dieppe;93.81
87415158;Auffay;94.63
87415604;Vernon - Giverny;93.99
87415620;Gaillon - Aubevoye;91.48
87415877;Val-de-Reuil;92.93
87437798;La Rochelle Porte Dauphine;71.79
87437806;Aytré Plage;69.44
87439554;Vitrolles Aéroport Marseille Provence;98.39
87444000;Caen;92.43
87444067;Bayeux;92.32
87444265;Lisieux;96.06
87444299;Bernay;93.93
87444315;Serquigny;95.73
87444349;Pont-l'Évêque;89.19
87444372;Trouville - Deauville;94.22
87444539;Argentan;75.0
87444562;Surdon;90.48
87444711;Alençon;91.46
87444877;Cherbourg-en-Cotentin;95.11
87446179;Saint-Cyprien Arènes;85.8
87447003;Saint-Lô;96.34
87447110;Coutances;95.12
87447219;Lison;78.47
87447243;Carentan;94.12
87447680;Granville;100.0
87447698;Villedieu-les-Poêles;90.91
87448001;Flers;94.29
87448159;Vire;90.91
87471003;Rennes;94.51
87471029;Vern-sur-Seiche;85.04
87471045;Betton;88.17
87471052;Saint-Jacques-de-la-Lande;90.48
87471060;L'Hermitage - Mordelles;81.98
87471094;La Brohinière;82.5
87471102;Breteil;79.37
87471144;Laillé;95.24
87471169;Saint-Senoux - Pléchâtel;93.75
87471177;Pléchâtel;91.55
87471201;Fougeray - Langon;95.14
87471219;Beslé;95.48
87471227;Massérac;94.29
87471318;Saint-Armel;80.38
87471326;Corps-Nuds;92.06
87471334;Janzé;85.99
87471342;Le Theil-de-Bretagne;83.33
87471359;Retiers;88.85
87471367;Martigné-Ferchaud;91.67
87471458;Chevaigné;94.36
87471516;Les Lacs;69.05
87471532;Servon-sur-Vilaine;79.76
87473009;Saint-Brieuc;97.83
87473058;Quédillac;84.13
87473066;Caulnes;75.4
87473074;Broons;84.13
87473082;Plénée-Jugon;85.32
87473090;Plestan;92.98
87473116;Yffiniac;93.14
87473124;La Méaugon;84.38
87473132;Plouvara - Plerneuf;70.0
87473140;Châtelaudren - Plouagat;93.33
87473165;Belle-Isle - Bégard;80.85
87473181;Plouaret Trégor;92.36
87473199;Plounérin;61.25
87473264;Landébia;77.78
87473272;Plancoët;83.33
87474007;Brest;97.56
87474015;Dirinon;80.95
87474056;Pont-de-Buis;91.36
87474064;Châteaulin;97.14
87474098;Quimper;96.45
87474189;Bannalec;98.1
87474213;Kerhuon;82.14
87474221;La Forest-Landerneau;79.52
87474262;La Roche-Maurice;89.52
87474296;Guimiliau;80.0
87474312;Saint-Thégonnec;83.64
87474320;Pleyber-Christ;92.38
87474338;Morlaix;97.5
87474411;Plouigneau;77.89
87476002;Lorient Bretagne Sud;97.38
87476200;Auray;98.38
87476226;Landaul - Mendon;92.86
87476234;Landévant;93.33
87476242;Brandérion;97.62
87476267;Les Sables Blancs;100.0
87476275;L'Isthme;100.0
87476309;Gestel;97.14
87476408;Belz - Ploemel;100.0
87476416;Plouharnel - Carnac;100.0
87476424;Penthièvre;100.0
87476432;Kerhostin;100.0
87476440;Saint-Pierre-Quiberon;94.74
87476606;Vannes;97.59
87476648;Sainte-Anne;98.1
87476689;Malansac;98.1
87476754;Sévérac;93.33
87476762;Saint-Gildas-des-Bois;95.74
87476770;Drefféac;98.68
87478016;Saint-Germain-sur-Ille;91.61
87478024;Saint-Médard-sur-Ille;91.67
87478040;Dingé;90.48
87478065;Bonnemain;92.74
87478081;La Fresnais;76.02
87478099;La Gouesnière - Cancale - Saint-Méloir-des-Ondes;87.98
87478107;Saint-Malo;94.46
87478123;Plerguer;77.78
87478131;Miniac-Morvan;80.56
87478149;Pleudihen-sur-Rance;83.33
87478156;La Hisse;77.78
87478180;Corseul - Languenan;77.78
87478263;Pontorson - Mont-Saint-Michel;87.18
87478404;Laval;94.94
87478511;Louverné;100.0
87478537;Montsûrs;97.83
87478545;Neau;98.96
87478552;Évron;73.25
87478560;Voutré;98.53
87478743;Le Genest-Saint-Isle;100.0
87478750;Port-Brillet;97.62
87478768;Saint-Pierre-la-Cour;99.04
87481002;Nantes;94.35
87481036;Rezé Pont Rousseau;93.41
87481051;Chantenay;89.54
87481069;La Basse Indre - Saint-Herblain;98.21
87481143;Thouaré-sur-Loire;97.12
87481150;Mauves-sur-Loire;91.8
87481168;Le Cellier;92.16
87481176;Boussay - La Bruffière;96.88
87481184;Oudon;95.83
87481192;Ancenis;86.49
87481200;Bouaye;93.85
87481218;Port-Saint-Père - Saint-Mars;95.09
87481226;Sainte-Pazanne;90.84
87481234;Saint-Hilaire-de-Chaléons;100.0
87481242;Bourgneuf-en-Retz;87.66
87481259;Les Moutiers-en-Retz;94.88
87481267;La Bernerie-en-Retz;89.29
87481283;Pornic;91.32
87481366;Machecoul;92.75
87481390;Challans;95.98
87481408;Vertou;95.0
87481416;La Haie-Fouassière;91.0
87481424;Le Pallet;97.79
87481432;Gorges;88.64
87481440;Clisson;83.11
87481457;Cugand;87.5
87481465;Montaigu;90.81
87481564;La Chapelle-sur-Erdre;98.75
87481598;Nort-sur-Erdre;96.18
87481614;Abbaretz;86.5
87481622;Issé;98.21
87481689;La Croix de Méan;100.0
87481697;La Baule Les Pins;95.64
87481705;Saint-Nazaire;95.18
87481713;Montoir-de-Bretagne;98.75
87481721;Donges;100.0
87481747;Pornichet;95.83
87481754;La Baule-Escoublac;97.41
87481762;Le Pouliguen;95.83
87481770;Batz-sur-Mer;94.72
87481788;Le Croisic;95.0
87481804;Couëron;95.71
87481812;Saint-Étienne-de-Montluc;93.09
87481820;Cordemais;96.55
87481838;Savenay;97.05
87481846;Pontchâteau;92.33
87484006;Angers Saint-Laud;89.7
87484048;Angers Maître École;90.52
87484139;Le Vieux Briollay;100.0
87484147;Tiercé;94.63
87484154;Étriché - Châteauneuf;100.0
87484170;Morannes;98.96
87484204;Chalonnes-sur-Loire;94.08
87484246;Chemillé-en-Anjou;94.17
87484303;Cholet;90.42
87484329;Savennières - Béhuard;95.91
87484337;La Possonnière;95.11
87484352;Champtocé-sur-Loire;92.31
87484360;Ingrandes-Le Fresne-sur-Loire;88.54
87484386;Varades - Saint-Florent le Vieil;96.98
87485003;La Rochelle;89.43
87485102;Angoulins sur Mer;74.69
87485110;Châtelaillon-Plage;76.23
87485136;Saint-Laurent-de-la-Prée - Fouras;75.56
87485144;Rochefort;92.98
87485151;Tonnay-Charente;84.09
87485185;La Jarrie;90.04
87485193;Aigrefeuille le Thou;84.19
87485227;Surgères;90.3
87485250;Mauzé-sur-le-Mignon;89.64
87485268;Prin-Deyrançon;98.26
87485300;Niort;93.55
87485326;Fors;88.54
87485334;Marigny;94.64
87485342;Beauvoir-sur-Niort;97.78
87485359;Prissé-la-Charrière;95.24
87485474;La Crèche;91.23
87485490;Saint-Maixent-L'École;92.57
87485508;La Mothe-Saint-Héray;91.07
87485524;Pamproux;93.06
87485532;Rouillé;98.18
87485540;Lusignan;89.32
87486019;La Roche-sur-Yon;96.98
87486126;L'Herbergement - Les Brouzils;92.79
87486142;Belleville-sur-Vie;89.77
87486258;Luçon;97.03
87486308;La Chaize-le-Vicomte;97.73
87486316;Fougeré;97.5
87486324;Bournezeau;92.95
87486332;Chantonnay;93.66
87486423;La Mothe-Achard;95.85
87486431;Olonne-sur-Mer;96.55
87486449;Les Sables-d'Olonne;92.82
87486563;Saint-Hilaire-de-Riez;100.0
87486571;Saint-Gilles-Croix-de-Vie;91.22
87486894;Torfou-Sèvremoine;98.48
87487009;Thouars;95.68
87487249;Bressuire;91.31
87487280;Cerizay;63.64
87487314;Pouzauges;94.96
87487603;Saumur;94.93
87487637;Montreuil-Bellay;100.0
87487843;La Bohalle;89.95
87487876;Les Rosiers-sur-Loire;95.19
87487884;La Ménitré;96.35
87487892;Saint-Mathurin-sur-Loire;94.23
87491001;Saintes;95.27
87491019;Bords;92.36
87491035;Saint-Savinien;88.6
87491076;Beillant;98.75
87491100;Pons;95.35
87491183;Montendre;87.25
87491191;Bussac-Forêt;97.22
87491209;Saint-Mariens - Saint-Yzan;82.04
87491217;Cavignac;71.43
87491225;Gauriaguet;78.48
87491233;Aubie - Saint-Antoine;87.46
87491241;Saint-André-de-Cubzac;93.0
87491258;Villeneuve-la-Comtesse;88.1
87491266;Cubzac-les-Ponts;81.25
87491274;La Grave d'Ambarès;76.97
87491282;Sainte-Eulalie - Carbon-Blanc;96.36
87491290;Loulay;94.17
87491324;Saint-Hilaire - Brizambourg;96.97
87491357;Saint-Jean-d'Angély;96.17
87491449;Cognac;83.88
87491472;Jarnac;91.87
87491506;Châteauneuf-sur-Charente;93.0
87491803;Royan;91.07
87497461;Gallieni Cancéropôle;85.87
87543009;Orléans;93.77
87543017;Les Aubrais;93.74
87547000;Paris Austerlitz;96.36
87571000;Tours;97.17
87571216;Vendôme - Villiers-sur-Loir TGV;95.57
87571240;Saint-Pierre-des-Corps;93.99
87574004;Blois - Chambord;95.17
87575001;Poitiers;95.75
87575118;Les Ormes;98.81
87575126;Dangé-Saint-Romain;92.78
87575134;Ingrandes sur Vienne;95.24
87575142;Châtellerault;94.78
87575167;Nerpuy;100.0
87575175;Naintré;98.96
87575183;La Tricherie;91.56
87575191;Dissay;100.0
87575217;Jaunay-Clan;95.08
87575225;Chasseneuil-du-Poitou;87.25
87575274;Ligugé;96.76
87575290;Vivonne;90.87
87575332;Anché - Voulon;96.21
87575357;Épanvilliers;100.0
87575365;Saint-Saviol;96.64
87575480;Montmorillon;97.79
87575498;Lathus-Saint-Rémy;75.32
87575704;Mignaloux - Nouaillé;95.45
87575845;Lussac-les-Châteaux;92.51
87576009;Vierzon;96.53
87576207;Bourges;95.51
87577403;Iteuil;93.23
87580340;Arenc Euroméditerranée;93.41
87581009;Bordeaux Saint-Jean;95.32
87581181;Ludon-Médoc;86.36
87581199;Macau;83.69
87581215;Margaux;86.93
87581231;Moulis - Listrac;85.54
87581256;Pauillac;91.13
87581314;Lesparre-Médoc;90.05
87581371;Soulac-sur-Mer;89.23
87581389;Le Verdon-sur-Mer;84.91
87581538;Caudéran Mérignac;98.42
87581595;Cenon;86.27
87581710;Parempuyre;81.54
87581728;Blanquefort;88.23
87581736;Bruges;97.29
87581751;Pessac;92.91
87581793;Pessac Alouette;97.67
87581801;Bègles;98.71
87581835;Villenave-d'Ornon;96.72
87581850;Bassens;96.61
87582403;Gazinet Cestas;95.96
87582445;Marcheprime;94.44
87582478;Biganos Facture;96.79
87582536;Ychoux;94.28
87582551;Labouheyre;91.83
87582601;Le Teich;92.1
87582619;Gujan-Mestras;90.23
87582635;La Hume;94.09
87582643;La Teste-de-Buch;91.07
87582668;Arcachon;95.92
87582684;Cadaujac;90.09
87582692;Saint-Médard-d'Eyrans;92.89
87582700;Beautiran;90.97
87582718;Portets;93.84
87582726;Arbanats;92.64
87582734;Podensac;87.04
87582742;Cérons;88.33
87582759;Barsac;91.13
87582767;Preignac;88.89
87582775;Langon;93.75
87582825;Saint-Macaire;87.92
87582833;Saint-Pierre-d'Aurillac;89.58
87582841;Caudrot;96.53
87582858;Gironde-sur-Dropt;89.74
87582866;La Réole;89.57
87582882;Lamothe-Landerron;84.12
87583005;Angoulême;89.89
87583674;Montmoreau;92.26
87583690;Chalais;78.23
87583823;Luxé;92.22
87583849;Ruffec;93.02
87584052;Libourne;98.35
87584102;Saint-Émilion;86.33
87584136;Castillon-la-Bataille;92.59
87584151;Lamothe-Montravel;95.42
87584177;Vélines;93.84
87584193;Sainte-Foy-la-Grande;89.26
87584201;Saint-Antoine-de-Breuilh;99.17
87584235;Gardonne;94.93
87584243;Lamonzie-Saint-Martin;91.35
87584268;Bergerac;94.5
87584425;Couze;96.97
87584441;Lalinde;88.62
87584466;Mauzac-et-Grand-Castang;96.15
87584474;Trémolat;95.83
87584508;Saint-Denis-de-Pile;88.43
87584516;Coutras;89.46
87584532;Les Églisottes-et-Chalaures;88.02
87584540;Saint-Aigulin - La Roche-Chalais;92.66
87584607;Saint-Médard-de-Guizières;95.55
87584615;Saint-Seurin-sur-l'Isle;96.97
87584714;Vayres;81.86
87584722;Saint-Sulpice - Izon;77.74
87584730;Saint-Loubès;77.65
87584755;La Gorp;97.83
87586008;Agen;96.68
87586107;Port-Sainte-Marie;94.34
87586412;Laroque-Timbaut;93.96
87586438;Penne-d'Agenais;89.61
87586453;Monsempron-Libos;92.63
87586479;Sainte-Bazeille;89.17
87586495;Sauveterre-la-Lémance;92.16
87586545;Marmande;93.22
87586651;Tonneins;92.68
87586693;Aiguillon;89.06
87590299;Nice Pont Michel;96.88
87590349;Babinière;100.0
87590356;Erdre-Active;99.29
87590364;La Chapelle - Aulnay;100.0
87590828;Sucé-sur-Erdre;95.97
87592006;Limoges Bénédictins;96.76
87592022;Limoges Montjovis;100.0
87592048;Les Bardys;100.0
87592055;Saint-Priest-Taurion;97.06
87592063;Brignac;95.83
87592071;Saint-Léonard-de-Noblat;96.94
87592097;Saint-Denis-des-Murs;93.75
87592105;Châteauneuf - Bujaleuf;97.62
87592121;Eymoutiers Vassivière;92.33
87592147;Lacelle;90.48
87592162;Bugeat;100.0
87592170;Pérols-sur-Vézère;100.0
87592246;Solignac - Le Vigen;100.0
87592253;Pierre-Buffière;95.65
87592279;Magnac - Vicq;100.0
87592287;Saint-Germain-les-Belles;92.98
87592295;La Porcherie;97.73
87592311;Ambazac;100.0
87592337;La Jonchère-Saint-Maurice;96.43
87592345;Saint-Sulpice-Laurière;100.0
87592352;Bersac-sur-Rivalier;98.15
87592360;Fromental;100.0
87592378;La Souterraine;97.06
87592410;Nieul;96.88
87592428;Peyrilhac - Saint-Jouvent;100.0
87592444;Nantiat;100.0
87592485;Bellac;98.15
87592493;Saint-Sébastien;96.67
87592501;La Coquille;96.43
87592543;Le Dorat;98.78
87592634;L'Aiguille;91.18
87592667;Aixe-sur-Vienne;100.0
87592683;Saint-Victurnien;98.08
87592691;Saint-Brice-sur-Vienne;100.0
87592709;Saint-Junien;98.94
87592717;Saillat - Chassenon;100.0
87592725;Nexon;98.57
87592733;Lafarge;100.0
87592741;Bussière-Galant;100.0
87592808;La Meyze;100.0
87592824;Saint-Yrieix-la-Perche;95.16
87594002;Brive-la-Gaillarde;96.1
87594093;Ussel;96.54
87594119;Corrèze;91.11
87594135;Montaignac-Saint-Hippolyte;100.0
87594168;Égletons;91.91
87594200;Uzerche;98.46
87594218;Vigeois;100.0
87594234;Allassac;90.96
87594275;Meymac;97.44
87594382;Condat - Le Lardin;95.26
87594408;Terrasson-Lavilledieu;93.1
87594416;La Rivière de Mansac;100.0
87594465;Aubazines - Saint-Hilaire;88.86
87594481;Cornil;93.75
87594499;Tulle;98.0
87594556;Turenne;100.0
87594606;Varetz;100.0
87594614;Le Burg;85.71
87594663;Pompadour;93.75
87594820;Masseret;90.64
87595009;Périgueux;95.74
87595124;Thiviers;94.24
87595132;Négrondes;92.65
87595157;Agonac;95.37
87595165;Château-l'Évêque;95.1
87595223;Razac-sur-l'Isle;88.89
87595249;Saint-Astier;97.4
87595264;Saint-Léon-sur-l'Isle;95.0
87595272;Neuvic;95.61
87595298;Mussidan;94.73
87595322;Montpon-Ménestérol;95.07
87595504;Périgueux Saint-Georges;100.0
87595512;Niversac;97.22
87595520;Saint-Pierre-de-Chignac;94.79
87595538;Milhac-d'Auberoche;97.92
87595553;Limeyrat;95.37
87595579;Thenon;95.99
87595595;La Bachellerie;95.45
87595702;Les Versannes;97.5
87595728;Mauzens-et-Miremont;95.83
87595736;Les Eyzies-de-Tayac-Sireuil;97.13
87595744;Le Bugue;95.0
87595751;Le Buisson-de-Cadouin;97.99
87595769;Siorac-en-Périgord;87.65
87595777;Saint-Cyprien;95.1
87595827;Sarlat-la-Canéda;94.68
87595876;Belvès;85.37
87595892;Villefranche-du-Périgord;85.87
87597005;Châteauroux;96.92
87597609;Guéret;95.71
87597633;Vieilleville;95.55
87597674;Montaigut-le-Blanc;91.67
87597708;Busseau sur Creuse;93.18
87597724;Parsac - Gouzon;97.37
87597740;Lavaufranche;100.0
87597781;Lavaveix-les-Mines;100.0
87597823;Aubusson;100.0
87597849;Felletin;100.0
87598755;Limoux Flassian;87.82
87611004;Toulouse Matabiau;95.8
87611038;Muret;86.17
87611061;Carbonne;94.44
87611079;Cazères;88.89
87611095;Boussens;93.75
87611137;Saint-Gaudens;82.69
87611152;Montréjeau - Gourdan-Polignan;90.62
87611244;Montauban Ville Bourbon;95.3
87611301;Saint-Agne;91.28
87611400;Portet Saint-Simon;87.5
87611434;Lacourtensourt;92.15
87611467;Colomiers;90.77
87611657;Saint-Jory;91.21
87611665;Castelnau-d'Estrétefonds;90.21
87611707;Escalquens;90.61
87611723;Baziège;91.56
87611749;Auch;87.16
87611764;Aubiet;83.36
87611772;Gimont Cahuzac;88.39
87611806;L'Isle-Jourdain;89.57
87611814;Mérenvielle;86.54
87611822;Brax - Léguevin;91.92
87611830;Pibrac;92.62
87611848;Montrabé;88.66
87611889;Moissac;97.92
87611897;Castelsarrasin;93.88
87611921;Colomiers Lycée International;84.23
87611939;Lardenne;89.96
87612002;Labège Innopole;88.96
87612010;Montaudran;94.43
87612028;Labège Village;87.35
87613000;Cahors;96.54
87613463;Najac;87.5
87613471;Laguépie;87.5
87613489;Lexos;94.12
87613802;Cordes - Vindrac;93.1
87613877;Salles-Courbatiès;93.33
87613893;Villefranche-de-Rouergue;92.0
87615112;Lézignan-Corbières;94.7
87615120;Couffoulens - Leuc;96.93
87615138;Verzeille;94.44
87615146;Pomas;93.06
87615161;Limoux;92.05
87615187;Alet-les-Bains;96.76
87615211;Espéraza;93.06
87615260;Quillan;92.92
87615286;Carcassonne;97.98
87615351;Roquesérière - Buzet;83.33
87615369;Montastruc-la-Conseillère;87.97
87615377;Gragnague;88.28
87618116;Pins-Justaret;86.06
87618207;Montlaur;94.56
87618215;Villenouvelle;94.04
87635581;La Barasse;95.2
87641001;Montluçon;96.88
87641415;Commentry;96.86
87645002;Aurillac;95.79
87645473;Le Lioran;99.07
87645481;Murat;98.78
87645507;Neussargues;98.46
87671008;Tarbes;97.93
87671016;Mont-de-Marsan;94.97
87671123;Lannemezan;69.05
87671339;Lourdes;97.6
87671362;Saint-Pé-de-Bigorre;100.0
87671479;Arengosse;90.48
87671487;Ygos-Saint-Saturnin;89.29
87671495;Saint-Martin-d'Oney;91.11
87672006;Pau;92.38
87672113;Montaut Bétharram;94.09
87672139;Coarraze - Nay;89.72
87672162;Assat;95.37
87672212;Artix;97.23
87672253;Orthez;86.49
87672337;Peyrehorade;90.66
87672386;Urt;94.05
87672600;Croix du Prince;87.56
87672618;Gan;94.68
87672634;Buzy en Béarn;88.36
87672709;Ogeu-les-Bains;86.71
87672725;Oloron-Sainte-Marie;93.84
87672741;Lurbe-Saint-Christau;89.52
87672766;Sarrance;98.26
87672774;Bedous;94.67
87673004;Bayonne;92.16
87673095;Boucau;84.72
87673103;Morcenx;86.63
87673202;Dax;94.82
87673251;Saubusse;90.48
87673269;Saint-Geours-de-Maremne;93.33
87673277;Saint-Vincent-de-Tyrosse;92.31
87673285;Bénesse-Maremne;87.37
87673293;Labenne;87.88
87673319;Ondres;85.95
87673400;Biarritz;94.67
87673459;Guéthary;89.06
87673616;Villefranque;93.59
87673624;Ustaritz Jatxou;94.27
87673640;Halsou - Larressore;89.24
87673657;Cambo-les-Bains;93.46
87673699;Bidarray Pont Noblia;74.17
87673707;Ossès - Saint-Martin-d'Arrossa;91.98
87673723;Saint-Jean-Pied-de-Port;88.07
87677005;Hendaye;94.76
87677104;Les Deux Jumeaux;85.56
87677120;Saint-Jean-de-Luz - Ciboure;90.07
87683003;Sens;93.75
87683102;Villeneuve-la-Guyard;92.78
87683128;Champigny sur Yonne;95.92
87683136;Pont-sur-Yonne;91.54
87683201;Étigny - Véron;98.67
87683219;Villeneuve-sur-Yonne;84.8
87683227;Saint-Julien-du-Sault;86.42
87683243;Joigny;94.13
87683268;Laroche - Migennes;95.58
87683318;Saint-Florentin - Vergigny;91.47
87683532;Chemilly - Appoigny;98.53
87683557;Monéteau - Gurgy;100.0
87683573;Auxerre Saint-Gervais;96.74
87683615;Champs - Saint-Bris;98.18
87683649;Cravant - Bazarnes;95.69
87683664;Vermenton;98.0
87683722;Sermizelles - Vézelay;93.68
87683789;Avallon;99.5
87683847;Mailly-la-Ville;100.0
87686006;Paris Gare de Lyon;94.26
87686667;Paris Bercy Bourgogne - Pays d'Auvergne;95.75
87688887;Montpellier Sud de France;95.48
87691949;Bidos;95.35
87694000;Le Creusot;92.89
87694109;Le Creusot - Montceau-les-Mines - Montchanin TGV;93.66
87694141;Étang-sur-Arroux;96.12
87694307;Montchanin;93.25
87694570;Autun;92.51
87694620;Montceau-les-Mines;92.73
87694687;Paray-le-Monial;95.18
87694695;Digoin;96.17
87696005;Nevers;97.73
87696146;Cosne-sur-Loire;97.72
87696195;La Charité-sur-Loire;96.24
87696260;Saincaize-Meauce;96.4
87696328;Moulins sur Allier;97.31
87696336;Bessay-sur-Allier;99.56
87696351;Varennes-sur-Allier;96.76
87696450;Imphy;95.61
87696484;Decize;97.77
87696492;Cercy-la-Tour;97.27
87696534;Luzy;95.45
87696807;Clamecy;93.86
87696831;Coulanges-sur-Yonne;100.0
87696856;Châtel-Censoir;97.0
87701532;Trélazé;89.01
87703975;Nîmes Pont du Gard;96.18
87710731;École-Valentin;95.76
87713008;Dijon Porte Neuve;94.11
87713040;Dijon;96.98
87713115;Les Laumes Alésia;95.24
87713131;Montbard;95.74
87713198;Tonnerre;94.85
87713313;Genlis;96.71
87713347;Auxonne;93.82
87713412;Dole;95.63
87713529;Nuits-Saint-Georges;97.14
87713545;Beaune;94.48
87713578;Chagny;94.4
87713651;Saint-Jean-de-Losne;97.69
87713677;Seurre;95.89
87713859;Is-sur-Tille;95.56
87715003;Pontarlier;96.9
87715102;Andelot-en-Montagne;97.66
87715136;Frasne;96.6
87715326;Champagnole;96.67
87715441;Morez;95.78
87718007;Besançon Viotte;95.94
87718015;Besançon Mouillère;95.35
87718239;Lons-le-Saunier;97.59
87718296;Saint-Amour;95.24
87718320;Saint-Vit;95.89
87718460;Baume-les-Dames;97.05
87718502;Saône;97.25
87718528;L'Hôpital-du-Grosbois;97.88
87718544;Valdahon;97.56
87718577;Gilley;97.06
87718619;Morteau;96.59
87718833;Mouchard;97.72
87721001;Lyon Vaise;96.5
87721159;Lyon Saint-Paul;91.47
87721282;Saint-Germain-au-Mont-d'Or;91.3
87721332;Villefranche-sur-Saône;84.17
87721357;Belleville sur Sâone;86.9
87721423;Lozanne;92.46
87721431;L'Arbresle;85.8
87721472;Tarare;90.83
87721506;Ecully - Tassin;89.27
87721514;Tassin;92.7
87721530;Charbonnières-les-Bains;92.06
87722025;Lyon Perrache;98.7
87722405;Givors;97.26
87722561;Chasse-sur-Rhône;95.66
87722587;Vienne;94.52
87722652;Saint-Clair - Les Roches;93.79
87722678;Le Péage-de-Roussillon;91.98
87722728;Brignais;95.1
87723197;Lyon Part Dieu;90.56
87723320;Vénissieux;90.67
87723395;La Verpillière;87.47
87723429;Bourgoin-Jallieu;85.55
87723478;La Tour-du-Pin;90.14
87723494;Saint-André-le-Gaz;92.54
87723700;Sathonay - Rillieux;73.73
87723759;Villars-les-Dombes;88.31
87725002;Chalon-sur-Saône;90.44
87725622;Tournus;92.82
87725689;Mâcon;94.33
87725705;Mâcon Loché TGV;95.04
87725895;Échirolles;87.06
87726000;Saint-Étienne Châteaucreux;96.84
87726190;Saint-Étienne Bellevue;92.67
87726208;Veauche - Saint-Galmier;97.69
87726307;Saint-Chamond;95.97
87726331;Rive-de-Gier;95.19
87726414;Bonson;96.71
87726430;Saint-Romain-le-Puy;96.3
87726448;Montbrison;98.14
87726729;Firminy;94.54
87726802;Roanne;95.79
87726828;Le Coteau;99.22
87726877;Feurs;94.95
87726901;Saint-Étienne Carnot;89.39
87732008;Vichy;96.74
87732206;Saint-Germain-des-Fossés;96.55
87732404;Gannat;97.01
87734004;Clermont-Ferrand;94.58
87734053;Riom - Châtel-Guyon;92.76
87734202;Issoire;94.52
87734251;Arvant;97.13
87734269;Brioude;96.34
87734319;Langeac;96.43
87734350;Langogne;95.58
87734368;Luc;99.31
87734475;Thiers;97.28
87734699;Le Puy-en-Velay;97.28
87734871;Massiac - Blesle;97.62
87741009;Chambéry - Challes-les-Eaux;93.57
87741074;Culoz;87.65
87741132;Aix-les-Bains le Revard;93.46
87741181;Montmélian;94.7
87741223;Saint-Pierre-d'Albigny;93.96
87741306;Saint-Avre - La Chambre;94.44
87741645;Albertville;94.68
87741728;Moûtiers - Salins - Brides-les-Bains;95.12
87741769;Aime - La Plagne;93.58
87741777;Landry;94.61
87741793;Bourg-Saint-Maurice;94.53
87742007;Modane;93.78
87742320;Saint-Jean-de-Maurienne Arvan;91.3
87742361;Saint-Michel - Valloire;92.92
87743005;Bourg-en-Bresse;92.56
87743351;Nurieux-Volognat;94.28
87743534;Oyonnax;92.56
87743633;Saint-Claude;97.14
87743716;Ambérieu-en-Bugey;92.36
87745000;Bellegarde;96.66
87745414;Valleiry;91.43
87745430;Saint-Julien-en-Genevois;91.6
87745497;Annemasse;93.13
87745588;Machilly;93.56
87745596;Bons-en-Chablais;94.05
87745620;Perrignier;92.16
87745646;Thonon-les-Bains;95.17
87745679;Évian-les-Bains;94.95
87746008;Annecy;95.64
87746206;Pringy;92.21
87746248;Groisy - Thorens - La Caille;97.13
87746305;La Roche-sur-Foron;92.46
87746313;Saint-Pierre-en-Faucigny;96.36
87746339;Bonneville;99.04
87746347;Marignier;97.07
87746370;Cluses;94.72
87746412;Magland;96.36
87746438;Sallanches - Combloux - Megève;96.57
87746479;Saint-Gervais-les-Bains Le Fayet;97.53
87746511;Reignier;85.13
87746784;Chamonix-Mont-Blanc;100.0
87747006;Grenoble;95.14
87747246;Rives;94.24
87747287;Voiron;90.17
87747329;Moirans;86.7
87747402;Grenoble Universités - Gières;92.5
87747493;Pontcharra sur Bréda;94.04
87747519;Le Pont-de-Claix;92.41
87747535;Jarrie - Vizille;90.54
87747576;Vif;93.88
87751008;Marseille Saint-Charles;90.01
87751081;Marseille Blancarde;93.76
87751206;Sisteron;93.99
87751230;Château-Arnoux-Saint-Auban;90.91
87751271;La Brillanne - Oraison;96.35
87751321;Manosque - Gréoux-les-Bains;96.71
87751362;Pertuis;88.56
87751370;Meyrargues;91.39
87751404;Aix-en-Provence;88.87
87751420;Gardanne;90.27
87751438;Simiane;92.43
87751495;Gare routière de Digne les Bains;94.37
87751602;L'Estaque;90.38
87751701;Saint-Marcel;94.07
87751719;La Pomme;95.65
87751743;La Penne-sur-Huveaune;96.81
87751750;Aubagne;97.14
87751776;Cassis;96.72
87751784;La Ciotat - Ceyreste;96.56
87751800;Septèmes-les-Vallons;94.5
87751826;Saint-Antoine;84.98
87751842;Sainte-Marthe en Provence;86.42
87753004;Miramas;95.34
87753202;Saint-Chamas;95.76
87753251;Rognac;95.56
87753285;Pas des Lanciers;98.06
87753418;Istres;93.27
87753426;Rassuen;98.56
87753442;Fos-sur-Mer;98.35
87753459;Port-de-Bouc;92.73
87753491;Croix Sainte;98.79
87753509;Martigues;95.65
87753541;La Couronne Carro;93.78
87753558;Sausset-les-Pins;96.63
87753566;Carry-le-Rouet;96.27
87753574;La Redonne Ensuès;98.11
87753582;Niolon;100.0
87753657;Arles;97.3
87753681;Saint-Martin-de-Crau;95.91
87753707;Orgon;98.08
87753715;Sénas;96.08
87753731;Lamanon;97.4
87753764;Salon-de-Provence;92.21
87755009;Toulon;88.88
87755215;Saint-Cyr Les Lecques - La Cadière;92.81
87755223;Bandol;94.47
87755231;Ollioules - Sanary-sur-Mer;90.48
87755264;La Seyne - Six-Fours;89.41
87755306;La Garde;93.52
87755314;La Pauline Hyères;87.63
87755330;Solliès-Pont;94.11
87755355;Cuers - Pierrefeu;91.27
87755363;Puget-Ville;93.68
87755371;Carnoules;92.14
87755389;Pignans;86.92
87755397;Gonfaron;93.71
87755405;Le Luc - Le Cannet;95.25
87755421;Vidauban;93.75
87755447;Les Arcs - Draguignan;90.96
87755611;La Crau;86.54
87755629;Hyères;92.06
87756056;Nice;94.55
87756254;Nice Saint-Augustin;86.48
87756304;Villeneuve-Loubet;68.58
87756320;Cagnes-sur-Mer;87.0
87756338;Cros de Cagnes;83.41
87756346;Saint-Laurent-du-Var;85.07
87756353;Nice Riquier;91.59
87756361;Villefranche-sur-Mer;91.55
87756379;Beaulieu-sur-Mer;92.27
87756387;Èze;86.38
87756395;Cap-d'Ail;84.29
87756460;Roquebrune-Cap-Martin;87.28
87756478;Carnoles;85.33
87756486;Menton;86.95
87756494;Menton Garavan;90.75
87756767;La Trinité Victor;96.15
87756775;Drap - Cantaron;99.0
87756833;Breil-sur-Roya;80.95
87757500;Fréjus;86.75
87757526;Saint-Raphaël;89.59
87757534;Boulouris sur Mer;88.21
87757542;Le Dramont;85.33
87757559;Agay;91.67
87757567;Anthéor Cap Roux;88.14
87757575;Le Trayas;89.7
87757583;Théoule-sur-Mer;83.6
87757591;Mandelieu-la-Napoule;84.19
87757617;Cannes La Bocca;88.35
87757625;Cannes;90.81
87757641;Golfe Juan Vallauris;91.75
87757666;Juan les Pins;81.34
87757674;Antibes;87.36
87757690;Biot;69.9
87757724;Grasse;62.13
87759290;Picon Busserine;97.02
87759316;Saint-Joseph le Castellas;93.45
87761007;Valence Ville;94.13
87761106;Saint-Rambert-d'Albon;92.45
87761130;Saint-Vallier sur Rhône;94.02
87761163;Tain-l'Hermitage - Tournon;94.48
87761247;Livron-sur-Drôme;94.68
87761544;Gare routière de La-Voulte-sur-Rhône;96.79
87761650;Romans - Bourg-de-Péage;94.68
87761718;Saint-Marcellin;92.76
87761759;Tullins Fures;93.91
87761783;Crest;96.72
87761841;Die;92.34
87762906;Lyon Saint-Exupéry TGV;92.92
87763003;Gap;90.94
87763029;Valence TGV Rhône-Alpes Sud;94.38
87763250;Aspres-sur-Buëch;85.62
87763300;Veynes Dévoluy;83.82
87763425;Chorges;84.44
87763466;Embrun;76.73
87763508;Mont-Dauphin - Guillestre;72.83
87763557;L'Argentière Les Écrins;72.18
87763607;Briançon;87.31
87763722;Serres;83.79
87763755;Laragne-Montéglin;76.39
87764001;Montélimar;95.74
87764357;Bollène La Croisière;92.08
87765008;Avignon Centre;88.12
87765107;Orange;93.07
87765180;Courthézon;91.49
87765198;Bédarrides;94.09
87765206;Sorgues - Châteauneuf-du-Pape;91.68
87765354;Tarascon;92.26
87765412;Montfavet;96.01
87765420;Morières-lès-Avignon;91.67
87765438;Saint-Saturnin-lès-Avignon;94.44
87765446;Gadagne;91.15
87765453;Le Thor;88.68
87765479;L'Isle-sur-la-Sorgue - Fontaine-de-Vaucluse;93.41
87765503;Cavaillon;96.33
87765735;Carpentras;96.16
87765818;Monteux;89.86
87765826;Entraigues-sur-la-Sorgue;85.61
87773002;Montpellier Saint-Roch;93.65
87773200;Sète;96.21
87773408;Lunel;94.99
87773424;Lunel-Viel;91.71
87773432;Valergues - Lansargues;95.55
87773457;Baillargues;91.6
87773465;Saint-Aunès;97.3
87773515;Villeneuve-lès-Maguelone;94.76
87773531;Vic - Mireval;95.08
87773556;Frontignan;87.71
87775007;Nîmes;97.54
87775023;Beaucaire;93.94
87775072;Saint-Césaire;96.22
87775098;Milhaud;92.54
87775106;Uchaud;91.99
87775114;Vergèze - Codognan;95.78
87775130;Gallargues-le-Montueux;95.83
87775148;Chasseradès;99.31
87775171;La Bastide - Saint-Laurent-les-Bains;98.83
87775197;Villefort;99.52
87775213;Génolhac;97.66
87775221;Chamborigaud;96.05
87775239;Sainte-Cécile-d'Andorge;99.51
87775247;La Levade;95.5
87775254;La Grand-Combe;93.44
87775288;Alès;97.83
87775346;Boucoiran-et-Nozières;95.18
87775353;Nozières - Brignon;99.03
87775361;Saint-Geniès-de-Malgoirès;93.82
87775379;Fons - Saint-Mamert;96.15
87775791;Générac;99.48
87775809;Beauvoisin;96.57
87775817;Vauvert;94.39
87775825;Le Cailar;93.06
87775833;Aimargues;95.83
87775841;Saint-Laurent-d'Aigouze;94.49
87775858;Aigues-Mortes;97.24
87775866;Le Grau-du-Roi;96.83
87781005;Béziers;96.11
87781062;Port-la-Nouvelle;92.94
87781088;Leucate La Franqui;96.22
87781104;Narbonne;96.96
87781161;Coursan;92.53
87781260;Vias;95.0
87781278;Agde;92.68
87781294;Marseillan Plage;93.88
87781534;Montpaon;98.21
87781542;Ceilhes - Roqueredonde;99.47
87781559;Les Cabrils;100.0
87781575;Lunas;96.97
87781583;Le Bousquet-d'Orb;98.27
87781609;Bédarieux;91.52
87781666;Magalas;94.14
87783001;Millau;95.3
87783175;Saint-Flour - Chaudes-Aigues;98.39
87783241;Saint-Chély-d'Apcher;98.81
87783266;Aumont-Aubrac;97.7
87783282;Marvejols;98.1
87783290;Chirac;100.0
87783308;Le Monastier-Pin-Moriès;99.44
87783324;Banassac - La Canourgue;97.71
87783340;Campagnac - Saint-Geniez;99.4
87783365;Sévérac-d'Aveyron;96.44
87783423;Saint-Georges-de-Luzençon;99.48
87783431;Saint-Rome-de-Cernon;99.63
87783456;Tournemire - Roquefort;99.6
87783514;Les Salelles;100.0
87783530;Chanac;98.55
87783548;Le Bruel;99.17
87783563;Barjac;98.66
87783605;Mende;97.57
87783647;Bagnols - Chadenet;99.31
87783654;Allenc;100.0
87783670;Belvezet;100.0
87784009;Perpignan;97.09
87784157;Salses-le-Château;95.81
87784173;Rivesaltes;94.03
87784207;Elne;92.14
87784231;Argelès-sur-Mer;91.18
87784256;Collioure;95.44
87784264;Port-Vendres;96.18
87784298;Banyuls-sur-Mer;95.98
87784512;Le Soler;96.34
87784520;Saint-Féliu-d'Avall;94.64
87784546;Millas;89.58
87784561;Ille-sur-Têt;93.92
87784611;Vinça;95.65
87784629;Marquixanes;93.68
87784637;Prades - Molitg-les-Bains;96.24
87784660;Ria-Sirach;97.73
87784686;Villefranche - Vernet-les-Bains;98.86
87784702;Serdinya;100.0
87784710;Joncet;100.0
87784728;Olette - Canaveilles;100.0
87784736;Nyer;100.0
87784744;Thuès les Bains;100.0
87784751;Thuès Carença;100.0
87784769;Fontpédrouse;100.0
87784777;Sauto;100.0
87784785;Planès;98.86
87784793;Mont-Louis - La Cabanasse;99.35
87784801;Bolquère - Eyne;100.0
87784819;Font-Romeu-Odeillo-Via;99.71
87784827;Estavar;100.0
87784835;Saillagouse;100.0
87784843;Err;100.0
87784850;Sainte-Léocadie;100.0
87784868;Osséja;100.0
87784876;Bourg-Madame;100.0
87784884;Ur - Les Escaldes;100.0
87784892;Bena Fanes;100.0
87785006;Cerbère;94.64
